{
  "name": "Social Media Auto Poster",
  "nodes": [
    {
      "parameters": {
        "httpMethod": "POST",
        "path": "auto_social_post",
        "responseMode": "lastNode",
        "options": {}
      },
      "type": "n8n-nodes-base.webhook",
      "typeVersion": 2,
      "position": [
        0,
        0
      ],
      "id": "7995b2df-8084-4686-8e68-6968740d6d8e",
      "name": "Webhook",
      "webhookId": "19aed5c4-226f-48da-9dfd-d6c0a61d5918"
    },
    {
      "parameters": {
        "assignments": {
          "assignments": [
            {
              "id": "a1fb63c1-2915-488f-9990-caa52783a395",
              "name": "Caption",
              "value": "🔥 Just dropped a new update! Check it out now! #AI #DevLife",
              "type": "string"
            },
            {
              "id": "2da9a694-54a1-4ee7-9011-0ee2984dea9b",
              "name": "image_url",
              "value": "https://iso.500px.com/wp-content/uploads/2015/12/top.jpg",
              "type": "string"
            }
          ]
        },
        "options": {}
      },
      "type": "n8n-nodes-base.set",
      "typeVersion": 3.4,
      "position": [
        220,
        0
      ],
      "id": "43a44ef4-4c08-47f2-82a9-a19a6443f369",
      "name": "Edit Fields"
    },
    {
      "parameters": {
        "method": "POST",
        "options": {}
      },
      "type": "n8n-nodes-base.httpRequest",
      "typeVersion": 4.2,
      "position": [
        440,
        0
      ],
      "id": "7b15c933-8a6f-4e92-b81d-f097c0cdb623",
      "name": "HTTP Request"
    }
  ],
  "connections": {
    "Webhook": {
      "main": [
        [
          {
            "node": "Edit Fields",
            "type": "main",
            "index": 0
          }
        ]
      ]
    },
    "Edit Fields": {
      "main": [
        [
          {
            "node": "HTTP Request",
            "type": "main",
            "index": 0
          }
        ]
      ]
    }
  },
  "settings": {
    "executionOrder": "v1"
  },
  "staticData": null,
  "pinData": {},
  "triggerCount": 1,
  "meta": null
}