{
  "name": "My workflow 2",
  "nodes": [
    {
      "parameters": {
        "pollTimes": {
          "item": [
            {
              "mode": "everyMinute"
            }
          ]
        },
        "filters": {
          "q": ""
        }
      },
      "type": "n8n-nodes-base.gmailTrigger",
      "typeVersion": 1.2,
      "position": [
        -120,
        0
      ],
      "id": "f948be7e-1473-4897-9a21-8de422aa4111",
      "name": "Gmail Trigger",
      "credentials": {
        "gmailOAuth2": {
          "id": "708QtRh6BDQOJBrB",
          "name": "Gmail account 6"
        }
      }
    },
    {
      "parameters": {
        "jsCode": "// Loop over input items and add a new field called 'myNewField' to the JSON of each one\nfor (const item of $input.all()) {\n  item.json.myNewField = 1;\n}\n\nreturn $input.all();"
      },
      "type": "n8n-nodes-base.code",
      "typeVersion": 2,
      "position": [
        100,
        0
      ],
      "id": "916d873c-2ef7-49fe-8acc-4f7f748b05c5",
      "name": "Code"
    },
    {
      "parameters": {
        "operation": "append",
        "documentId": {
          "__rl": true,
          "value": "1GyOWsOUsl27S22WDywu2Si3ZS5GoBKlip5okrAA8l7Q",
          "mode": "list",
          "cachedResultName": "sheets",
          "cachedResultUrl": "https://docs.google.com/spreadsheets/d/1GyOWsOUsl27S22WDywu2Si3ZS5GoBKlip5okrAA8l7Q/edit?usp=drivesdk"
        },
        "sheetName": {
          "__rl": true,
          "value": 328095097,
          "mode": "list",
          "cachedResultName": "NVIDIA <news@nvidia.com>\nmayurff75@gmail.com\nKeep Growing: AI Training & Resources After GTC\n",
          "cachedResultUrl": "https://docs.google.com/spreadsheets/d/1GyOWsOUsl27S22WDywu2Si3ZS5GoBKlip5okrAA8l7Q/edit#gid=328095097"
        },
        "columns": {
          "mappingMode": "defineBelow",
          "value": {
            "Subject": "={{ $json.Subject }}",
            "To": "={{ $json.To }}",
            "From": "={{ $json.From }}",
            "snippet": "={{ $json.snippet }}"
          },
          "matchingColumns": [
            "id"
          ],
          "schema": [
            {
              "id": "id",
              "displayName": "id",
              "required": false,
              "defaultMatch": true,
              "display": true,
              "type": "string",
              "canBeUsedToMatch": true,
              "removed": true
            },
            {
              "id": "threadId",
              "displayName": "threadId",
              "required": false,
              "defaultMatch": false,
              "display": true,
              "type": "string",
              "canBeUsedToMatch": true,
              "removed": true
            },
            {
              "id": "snippet",
              "displayName": "snippet",
              "required": false,
              "defaultMatch": false,
              "display": true,
              "type": "string",
              "canBeUsedToMatch": true,
              "removed": false
            },
            {
              "id": "payload",
              "displayName": "payload",
              "required": false,
              "defaultMatch": false,
              "display": true,
              "type": "string",
              "canBeUsedToMatch": true,
              "removed": true
            },
            {
              "id": "sizeEstimate",
              "displayName": "sizeEstimate",
              "required": false,
              "defaultMatch": false,
              "display": true,
              "type": "string",
              "canBeUsedToMatch": true,
              "removed": true
            },
            {
              "id": "historyId",
              "displayName": "historyId",
              "required": false,
              "defaultMatch": false,
              "display": true,
              "type": "string",
              "canBeUsedToMatch": true,
              "removed": true
            },
            {
              "id": "internalDate",
              "displayName": "internalDate",
              "required": false,
              "defaultMatch": false,
              "display": true,
              "type": "string",
              "canBeUsedToMatch": true,
              "removed": true
            },
            {
              "id": "labels",
              "displayName": "labels",
              "required": false,
              "defaultMatch": false,
              "display": true,
              "type": "string",
              "canBeUsedToMatch": true,
              "removed": true
            },
            {
              "id": "From",
              "displayName": "From",
              "required": false,
              "defaultMatch": false,
              "display": true,
              "type": "string",
              "canBeUsedToMatch": true,
              "removed": false
            },
            {
              "id": "To",
              "displayName": "To",
              "required": false,
              "defaultMatch": false,
              "display": true,
              "type": "string",
              "canBeUsedToMatch": true,
              "removed": false
            },
            {
              "id": "Subject",
              "displayName": "Subject",
              "required": false,
              "defaultMatch": false,
              "display": true,
              "type": "string",
              "canBeUsedToMatch": true,
              "removed": false
            },
            {
              "id": "myNewField",
              "displayName": "myNewField",
              "required": false,
              "defaultMatch": false,
              "display": true,
              "type": "string",
              "canBeUsedToMatch": true,
              "removed": true
            }
          ],
          "attemptToConvertTypes": false,
          "convertFieldsToString": false
        },
        "options": {}
      },
      "type": "n8n-nodes-base.googleSheets",
      "typeVersion": 4.5,
      "position": [
        340,
        -20
      ],
      "id": "85b421d6-01c9-4f42-9665-d65a05be11be",
      "name": "Google Sheets",
      "credentials": {
        "googleSheetsOAuth2Api": {
          "id": "F9kMiWWzYaTsIDqR",
          "name": "Google Sheets account 3"
        }
      }
    },
    {
      "parameters": {
        "resource": "call",
        "from": "+14155238886",
        "to": "+919900237316",
        "twiml": true,
        "message": "={{ $json.From }}\n{{ $json.snippet }}\n{{ $json.Subject }}",
        "options": {}
      },
      "type": "n8n-nodes-base.twilio",
      "typeVersion": 1,
      "position": [
        560,
        -20
      ],
      "id": "5a1dda6f-3940-4d3e-973a-feb9e695429f",
      "name": "Twilio",
      "credentials": {
        "twilioApi": {
          "id": "TiEk1vEP9KYnv3QS",
          "name": "Twilio account"
        }
      }
    }
  ],
  "connections": {
    "Gmail Trigger": {
      "main": [
        [
          {
            "node": "Code",
            "type": "main",
            "index": 0
          }
        ]
      ]
    },
    "Code": {
      "main": [
        [
          {
            "node": "Google Sheets",
            "type": "main",
            "index": 0
          }
        ]
      ]
    },
    "Google Sheets": {
      "main": [
        [
          {
            "node": "Twilio",
            "type": "main",
            "index": 0
          }
        ]
      ]
    }
  },
  "settings": {
    "executionOrder": "v1"
  },
  "staticData": null,
  "pinData": {},
  "triggerCount": 0,
  "meta": {
    "templateCredsSetupCompleted": true
  }
}